Bank Name,Branch Name,Place ID,Address
Crédit Agricole Maroc,Agricultural loan to Morocco,ChIJaQDMfWNKmA0RPjxgqbJw4ko,"WHH4+MF5، شارع محمد السادس, Errachidia, Morocco"
Crédit Agricole Maroc,Agricultural loan to Morocco,ChIJFw2l_pFKmA0RwuD-cSb8YDA,"WHMC+3PC, Rue Targa, Errachidia, Morocco"
Crédit Agricole Maroc,Crédit Agricole,ChIJITQuppZKmA0Rb403oOSE6Co,"WHMG+6RG, Errachidia, Morocco"
Crédit Agricole Maroc,Crédit du Maroc,ChIJy-Le-b5LmA0RL7VGjxpnTVw,"WHHC+WHW, Errachidia, Morocco"
Crédit Agricole Maroc,Credit Agricole Du Maroc (Agence Madagascar),ChIJhYLWZG9spw0RDWMcefmlNEo,"2592+G83, Av. Madagascar, Rabat, Morocco"
Crédit Agricole Maroc,Siège régional Crédit du Maroc,ChIJgZTmeVlrpw0Rg6ni2OYfqAA,"3,2 Km,, Av. Mohammed VI, Rabat, Morocco"
Crédit Agricole Maroc,Crédit agricole,ChIJe7dJ2hTsrw0RDhI5DpE4ei8,"MXCC+CV7, Marrakech, Morocco"
Crédit Agricole Maroc,Groupe Crédit Agricole du Maroc,ChIJl059iFFFoA0RMeDMhDRREWU,"VC5V+MG9, Unnamed Road, Meknès, Morocco"
Crédit Agricole Maroc,Crédit Agricole du Maroc,ChIJ9TuLRRLNpw0Rgp_d-bBB9kw,"HCW7+5F5, Bd Ba Hmad, Casablanca 20250, Morocco"
Crédit Agricole Maroc,Credit Agricole du Maroc,ChIJnzntU9Iypg0Rpz74KhMmQjE,"HC6F+JC2, Casablanca, Morocco"
Crédit Agricole Maroc,crédit agricole,ChIJ1UJ5IMXSpw0R-yTSRQtLhfw,"H9F4+RH6, Angl Bd Y.El Mansour et rue Nassih Eddine, Casablanca, Morocco"
Crédit Agricole Maroc,Credit Agricole Maroc ( Agence Hay Essalam 2 ),ChIJfw_Q_CRqpw0Ryz5R8YbmPpA,"26WC+HGW, Salé, Morocco"
Crédit Agricole Maroc,Credit Agricole du Maroc,ChIJZXBoBwftrw0RdTDRHAhT260,"MXFJ+87M, Marrakech, Morocco"
Crédit Agricole Maroc,Crédit Agricole du Maroc,ChIJ7WQ5MeNZpw0RQ7iXvovtEM0,"7C39+X55, Kenitra, Morocco"
Crédit Agricole Maroc,Crédit Agricole du Maroc,ChIJZedJX6LSpw0R1xq0tE0TvcM,"27 Bd Mohammed Zerktouni, Casablanca 20250, Morocco"
Crédit Agricole Maroc,Credit Agricole Du Maroc ( center ),ChIJN42vrIfbpg0RHsj8yc6ehRE,"G9JW+C4F, R404, Rommani, Morocco"
Crédit Agricole Maroc,Credit Agricole du Maroc,ChIJmwyFo-hZpw0RO2syOgkCcgM,"Avenue Imam Ali, Kenitra, Morocco"
Crédit Agricole Maroc,Crédit Agricole du Maroc,ChIJTR-GHv1spw0R0cZ_iJ89DdY,"X4WF+FRX, Ave Mohamed Ben Abdellah, Rabat, Morocco"
Crédit Agricole Maroc,Crédit Agricole du Maroc,ChIJBc2-4ry_mA0RHGspGcXVwt0,"72 route de Meknès administratif, Midelt, Morocco"
Crédit Agricole Maroc,Crédit Agricole,ChIJ34oIiWHurw0RfKKmSoDg2yY,"Av. Hassan Ii, Imm. Habouss Appt. N°2 Bab Doukka, Marrakech 40000, Morocco"
BMCE Bank,البنك المغربي للتجارة الخارجية,ChIJ3-EwJGRKmA0RblYvf_1uylM,"WHJ3+QP8, Errachidia, Morocco"
BMCE Bank,البنك المغربي للتجارة الخارجية,ChIJK8jvHJJKmA0RYantK8W1BSY,"WHMC+7W6, Errachidia, Morocco"
BMCE Bank,BMCE,ChIJxx9cq6PUpw0RyznxId_CFQ4,"H7GV+CH4, Casablanca, Morocco"
BMCE Bank,BMCE Bank medina,ChIJyQbibkPurw0RSngxwetQy4I,"J2F5+JWW, Rue Moulay Ismaïl, Marrakech 40008, Morocco"
BMCE Bank,BMCE Bank MARINA,ChIJF3SXw2LSpw0RCmrZINGAvDw,"J95G+6MR, Bd Sidi Mohamed Ben Abdellah, Casablanca, Morocco"
BMCE Bank,Bank of Africa,ChIJeUVh2_vrrw0R0hvf--ILBig,"MW4W+2XP, Marrakech, Morocco"
BMCE Bank,BMCE Bank,ChIJt70_8ZBspw0R8wFmafLUQ2I,"X5W2+P2J, Rabat, Morocco"
BMCE Bank,Siège C - BANK OF AFRICA,ChIJjy-y6ZfSpw0RmmPZweOzngs,"H9MG+WHX, Casablanca 20250, Morocco"
BMCE Bank,BMCE,ChIJn6IrW_rSpw0Rhq7_TRsoZdc,"H9W3+VMG, bd de Bourgogne ang. rue Abou AlWaqt Khalaf, Casablanca 20013, Morocco"
BMCE Bank,bmce bank,ChIJ15xHIQTTpw0Ryv0wiXwiLuA,"H9CG+WQ3, Casablanca 20250, Morocco"
BMCE Bank,BMCE BANK OF AFRICA,ChIJfxwU45fSpw0RGJTC51J3tUo,"140 Ave Hassan II, Casablanca 20320, Morocco"
BMCE Bank,Bank of Africa,ChIJAUSdUtIypg0RV3DMCaznNuc,"Casablanca, Morocco"
BMCE Bank,BMCI,ChIJC_Bfe5FKmA0R6fJijHVEDpA,"Boulevard Mohammed V, Errachidia 52000, Morocco"
BMCE Bank,"Bank Of Africa, Agence Al Massira, Maarif.",ChIJ60ae2urSpw0R25KUNm6Gcwg,"Rue Abou Abdellah Nafii, Casablanca 20250, Morocco"
BMCE Bank,Bmce Bank,ChIJ4-nJDtRECw0R2O0CPKnPHUk,"Avenue Miramar, Martil, Morocco"
BMCE Bank,Bank of Africa,ChIJHb2a3jrurw0RAxna3IAHlng,"J2CH+GF3, Rte des Remparts, Marrakech 40000, Morocco"
BMCE Bank,BMCE BANK Agence Rabat Centrale,ChIJYfroo3dspw0REfvbUPIkhrQ,"260 Av. Mohammed V, Rabat, Morocco"
BMCE Bank,Bank of Africa,ChIJZRvTdSkTpw0RLwXNc7hvJfY,"X45J+2C9, Av. Annakhil, Rabat, Morocco"
BMCE Bank,Bmce Bank Yacoub el Mansour,ChIJWQm-N9xEoA0RiZCCPWiPq60,"WF24+QFJ, Rue Ouakaat Zalaka, Meknes, Morocco"
BMCE Bank,BMCE Bank of Africa,ChIJgSkTdhHsrw0R6BCI2g3fs_E,"841 Rte de Safi, Marrakech, Morocco"
Attijariwafa Bank,Attijariwafa Bank,ChIJnzo3hQxLmA0RBMii_N_K17g,"WGJW+CJ3, N13, Errachidia, Morocco"
Attijariwafa Bank,Attijariwafa Bank centre Errachidia,ChIJD--asJFKmA0RzIVgpgejCW0,"WHJF+87H, Rue El Houria, Errachidia, Morocco"
Attijariwafa Bank,Commercial Bank and Avapennek,ChIJPYNYJ4RKmA0R-PE8T_7AnU4,"WHF8+7GX, Errachidia, Morocco"
Banque Populaire Maroc,Banque Populaire,ChIJL1YqhWZKmA0R1h7tRuqsvdk,"WHM3+4MV, Errachidia 52000, Morocco"
Banque Populaire Maroc,Banque Populaire centre ville Errachidia,ChIJe_h-_ZNKmA0R-88Wim1flrA,"WHMG+5GM, N13, Errachidia, Morocco"
Banque Populaire Maroc,Banque Populaire,ChIJ8b2v0OQdqQ0R373ducCdVpI,"6GW3+6MW, Av. Mohamed VI, El Jadida, Morocco"
Banque Populaire Maroc,Agence Banque Populaire - البنك الشعبي,ChIJUcSQvUHprw0R_n4FD7-VJR0,"JWHM+8CC, N8, Marrakesh 40140, Morocco"
Banque Populaire Maroc,People's Bank - Agency Sijilmasa,ChIJT_9lsIBKmA0RiW0Of71khUs,"WHC6+6Q5, Errachidia, Morocco"
Banque Populaire Maroc,Banque Populaire -Agence,ChIJZe6oyylylw0RjFj9W0dZE7M,"7PJM+V7W, Rissani, Morocco"
Banque Populaire Maroc,Guichet automatique La Bank Populaire,ChIJqeF5HWburw0RZlfPkHVvHXM,"J2M5+C5Q, Av. El Glaoui, Marrakech 40000, Morocco"
Banque Populaire Maroc,Banque Populaire Ibn Tofail,ChIJQfNL8I_urw0RmfGm6MzWcoY,"JXQP+5V8, Marrakesh 40000, Morocco"
Banque Populaire Maroc,Banque Populaire,ChIJORvHcW8Jpw0Rjo7ZTH5pv5g,"VX27+HMV, Skhirat, Morocco"
Banque Populaire Maroc,Banque Populaire Diour Jemaa,ChIJ6R6bMmVspw0RQ5IIoJkNVxs,"Hassan, 148 Av. Hassan II, Rabat 10020, Morocco"
Banque Populaire Maroc,Bank Populaire البنك الشعبي باب بريمة,ChIJ06fFJtZaoA0RRDl4i2fzu8s,"VCVJ+GJ7, Meknes, Morocco"
Banque Populaire Maroc,Banque populaire Agence Qods,ChIJuxU5lKeCpg0RqZVm6akifBM,"V3Q8+6M9, Bd Abderrahim Bouabid, Khouribga, Morocco"
Banque Populaire Maroc,Banque Populaire,ChIJn3SmTozurw0RtL2XJ1AvkkY,"51/53 société nourrira، شارع الحسن الثاني, Marrakesh, Morocco"
Banque Populaire Maroc,Banque Populaire,ChIJEZTF69ZECw0R4m8A1_qbJws,"JP9H+83V, Unnamed Road, Martil, Morocco"
Banque Populaire Maroc,Banque Populaire,ChIJtWqbeIorpg0R6v_EXycv7Qs,"G7F2+C3H, Madinat Arrahma, Morocco"
Banque Populaire Maroc,Banque Populaire,ChIJTRsiDa8ypg0RKU4_Zka399I,"H93W+8C4, Casablanca, Morocco"
Banque Populaire Maroc,Agence Banque Populaire,ChIJY7RYRVkupg0R0Py029UjOU8,"C8RX+VJM, Bouskoura, Morocco"
Banque Populaire Maroc,banque Populaire Menara,ChIJ3Tc07Yrurw0RjwobkLU_xJE,"JXHW+H7W, Av. Moulay El Hassan, Marrakech 40000, Morocco"
Banque Populaire Maroc,Agence Banque Populaire - البنك الشعبي,ChIJoRTd8U7prw0RkqtqppLky9I,"JWMW+3FP, Rue Al Andalibe, Marrakesh 40140, Morocco"
Banque Populaire Maroc,Banque Populaire,ChIJD7rKyEuxpw0RLv0p-3oPdBY,"MMP3+H46, Ben Yakhlef, Morocco"
Société Générale Maroc,Siège Social Banque Société Générale,ChIJAdt74rzSpw0Rhy2xpxeEu88,"55 Bd Abdelmoumen, Casablanca 20100, Morocco"
Société Générale Maroc,The Public Company,ChIJwZzUmJBKmA0R5OAc3kwKTPs,"N13, Errachidia, Morocco"
Société Générale Maroc,Headquarters Société Générale Morocco,ChIJRzGm9LzSpw0RJKLalkgRi0k,"55 Bd Abdelmoumen, Casablanca 20100, Morocco"
Société Générale Maroc,الشركة العامة Société Générale,ChIJC3vAiynvrw0RfBXhgUYWDDA,"JXWR+63F, Bd Prince Moulay Abdellah, Marrakech 40000, Morocco"
Société Générale Maroc,Société Génerale,ChIJifw-Qy0Tpw0R5bpW5yqbeaA,"N° 15,Centre Commercial MAHAJ RYAD HAY RIAD, Rabat 10200, Morocco"
Société Générale Maroc,Espace Libre Service - Société Générale Maroc,ChIJCSTLNPa3sw0RllzlVi43Zp0,"Iken Park Ilot B, Imm B6, Comm 4, Agadir, Morocco"
Société Générale Maroc,Société Générale Marrakech Medina,ChIJS-achUTurw0R9KI6XfH5iKU,"Rue Bab Agnaou, Pass. Prince Moulay Rachid, Marrakech 40030, Morocco"
Société Générale Maroc,Agency Société Générale MOHAMED V,ChIJGXvj2ZzSpw0Rf9QZmWNKD_4,"84 Bd Mohammed V, Casablanca 20553, Morocco"
Société Générale Maroc,Société Générale Abdelmoumen,ChIJj3R54rzSpw0Rzr-Wf2MrTSc,"55 Bd Abdelmoumen, Casablanca 20360, Morocco"
Société Générale Maroc,SGIAT : Société Générale d'Ingénierie & d'Assistance Technique,ChIJbwrU0-pLmA0RG81lOHhb1s0,"Appt 51, 3ème étage, Al-Mouhit, Immeuble Al-Baraka, Errachidia 52000, Morocco"
Société Générale Maroc,Société Générale,ChIJ3-LVQqbSpw0RdzEJ0okbQr0,"Angle Avenue 2 Mars et rue de Lisbonne, Casablanca 20000, Morocco"
Société Générale Maroc,Société Générale Fal Ould Oumeir,ChIJ2zA5UYlspw0RMLSocwG36eY,"Angle Av. Fal Ould Oumeir et Oqba - Agdal, Rabat 10200, Morocco"
Société Générale Maroc,Société générale Maroc Agence Tanger الشركة العامة,ChIJa1kdXHSHCw0RFnRVnee0ZOc,"Complexe Tulipe plage 6,Bloc A N°6 Boulevard Mohamed VI, Tanger 90040, Morocco"
Société Générale Maroc,Société Générale DR Marrakech,ChIJTxgp9orurw0RCXl8yAW1pzE,"238 Av. Mohammed V, Marrakech 40000, Morocco"
Société Générale Maroc,Société Générale Marrakech Gueliz,ChIJA2yq0ZHurw0RVqiqpj0wKW8,"59 rue yougoslavie, Marrakech 40000, Morocco"
Société Générale Maroc,Société Générale Rabat Michlifen,ChIJv_euvpFspw0RgW_S6KezZLs,"Angle Rue Michlifen et rue Jbel Al Ayachi, Rabat 10030, Morocco"
Société Générale Maroc,The Public Company,ChIJo5abhrRspw0R2Q294mAbg2g,"X48X+385, Rabat, Morocco"
Société Générale Maroc,Société Générale Al Massira,ChIJDVHTsejSpw0RIxOQN5zmyYs,"Angle Bd Al Massira Al Khadra et Bd. Danfa., Casablanca 20100, Morocco"
Société Générale Maroc,Société Générale Sidi Moumen,ChIJL7uDrbDMpw0R2whx3FIVsbU,"4 Bd Lalla Asmaa rue 12 Gp 8 Sidi Moumen, Casablanca 20400, Morocco"
Société Générale Maroc,Société Générale Bank,ChIJPSyDlmeHCw0RENpevh-Sx2s,"Q577+VCC، ROUTE DE L AVIATION TANGER (VAL FLEURI), Av. Moulay Rachid, Tangier, Morocco"
CIH Bank,CIH BANK,ChIJQRAisJFKmA0RgQo_gFIz3x8,"Rue El Houria، Rue Al Barid, Errachidia 52000, Morocco"
CIH Bank,CIH Bank - headquarters,ChIJ4_FhlZnSpw0R1kfyVE0V5Ws,"Av. des F.A.R, Avenue Hassan II 187, Casablanca 20000, Morocco"
CIH Bank,CIH Bank,ChIJ5fg0M2Eupg0RY4jmaGsaOiM,"P3011 Route 109 Residence Soltane Magazin, Bouskoura 27182, Morocco"
CIH Bank,CIH BANK,ChIJ7wD_kvnTpw0RNWmn62GhmYM,"Lot 19 Et 22، Bloc 8 Av. du 10 Mars 1982, Casablanca 20000, Morocco"
CIH Bank,CIH BANK,ChIJqWA8dYdrpw0R-mRTvQ3Lozc,"47 Av. Allal Ben Abdellah, Rabat 10000, Morocco"
CIH Bank,CIH Bank Sidi Maarouf,ChIJ1wSebgMtpg0RwZhsKjpLY_Q,"G8GX+4P3، Av. Abou Bakr el Kadiri Route Principale 1029 Al Mostakbal,gh 4, Rdpt Al Moustakbal, Casablanca 20000, Morocco"
CIH Bank,CIH,ChIJld-PJUjTpw0RNhA8UBq0Bao,"Rue Oued Laou, Ibn Sina, Casablanca 20000, Morocco"
CIH Bank,CIH,ChIJdcZDOHgSpw0RLl9cumo-zt4,"Avenue Tarik Ibn Ziad Projet Mers El Kheir, Temara 12000, Morocco"
CIH Bank,CIH BANK,ChIJtec7e0I7pg0RGtyDOLGh8Kg,"N9 Lotissement Chabab Tranche 1, Lot 103, Deroua 43275, Morocco"
CIH Bank,CIH BANK,ChIJhWCh6cEypg0RzfaRruc874A,"6 Bd el Qods, Resi.ibn Yassine, Casablanca 20000, Morocco"
CIH Bank,CiH kenitra,ChIJ9cEiquZZpw0RnO-6bPvreQk,"Avenue Mohamed V Immeuble Hraga, Kenitra 14010, Morocco"
CIH Bank,CIH BANK,ChIJ49-kRW5rpw0RUgJSPeDYv-c,"21، 10000 Av. Tadla, Rabat 10000, Morocco"
CIH Bank,CIH BANK,ChIJx_ZgUofMpw0RRPu1xppLnhM,"Alles De La Gare, Bd Chefchaouni, Casablanca 20000, Morocco"
CIH Bank,CIH BANK,ChIJN7q9qCXIsw0RkvZevQ11YLQ,"Av. Abdellah Guerssifi Lotissement Al Houda Lot 78, Type H, Agadir 80000, Morocco"
CIH Bank,CIH,ChIJO6rcl2Mtpg0RqzhMz9-ZD8k,"Boulevard Al Qods Lot 152, Prefecture, Casablanca 20000, Morocco"
CIH Bank,CIH Bank,ChIJ_7gi6i0Tpw0Rj3TKlYcrKKY,"av. Annakhil, imm. High Tech n°3 hay Ryad, Agdal Riyad, Morocco"
CIH Bank,CIH BANK,ChIJrb22ltxrpw0RHtnFZPDfzsQ,"Av. Mohamed V, Salé, Morocco"
CIH Bank,CIH BANK,ChIJl44S3nBspw0R1G3f_Tz1XC8,"Avenue Al Maghrib Al Arabi، Rue Jazirat Al Arab, Rabat 10000, Morocco"
CIH Bank,CIH BANK,ChIJ3WkajbiACw0RqguKDDakOto,"Av. Tariq Ibn Ziad Benimakada, Drissia, Tangier 90060, Morocco"
CIH Bank,CIH BANK,ChIJRfYRfLTHsw0RklCPaS7V8W8,"Bloc 4, Num 104، Centre El Farah Ii, Av. Hassan II, Ait Melloul 80000, Morocco"
Al Barid Bank,Al Barid Bank,ChIJOUGR15NKmA0RAWriHhRc3nk,"WHMF+7V8, Errachidia, Morocco"
Al Barid Bank,Al Barid Bank,ChIJh2Abgz5WmA0RTkBp2KWrSfA,"7F5W+GGG, Er-Rich, Morocco"
Al Barid Bank,Al Barid Bank,ChIJ1VOhdauHow0RNjvzS4-jJ2c,"8JMP+2W3, Beni-Mellal, Morocco"
Al Barid Bank,Al Barid Bank,ChIJldKzj3dspw0R8IwouQsB75k,"48 Av. Al Maghrib Al Arabi, Rabat, Morocco"
Al Barid Bank,Al Barid Bank البريد بنك,ChIJ-7eIGUNFoA0RGodApdTShCc,"VF74+9CG, Meknes, Morocco"
Al Barid Bank,Agency Al Barid Bank,ChIJDQDtfGRspw0RFQmK3k42vNc,"2572+68F, N1, Rabat, Morocco"
Al Barid Bank,AL BARID BANK Bd Panoramique,ChIJISGJmIczpg0R0qKBiDWBVc8,"Poste Maroc, 43 Rue 88, Casablanca, Morocco"
Al Barid Bank,Al Barid Bank (Agence Jamaa Fena),ChIJz2HDcQDvrw0RYaq5WNDtm9M,"322 Saada, 4B Mhamid, Marrakech 40000, Morocco"
Al Barid Bank,AL BARID BANK (بريد المغرب),ChIJBURtNyorog0RJpHcPhPwZg8,"W8JJ+MCG, Khénifra, Morocco"
Al Barid Bank,Al Barid Bank,ChIJYVQPQmdCCw0RJW5_YAHQyGo,"HJCG+692, Av. Prince Héritier, Tétouan, Morocco"
Al Barid Bank,Post Office Boutalamine,ChIJhRvcbqFLmA0RIlyUU0MGmLo,"Résidence de police, Errachidia 52000, Morocco"
Al Barid Bank,Al Barid Bank البريد بنك,ChIJJ6yrBKmhDA0RIsUHBZ-d0H0,"RJXV+2VF, Fnideq, Morocco"
Al Barid Bank,Al Barid Bank,ChIJoebMVQoeqQ0RqgS84XrNwq8,"6FMW+RM8, El Jadida, Morocco"
Al Barid Bank,Al Barid Bank Bensergao,ChIJxwMgari3sw0RiQlU6bdW_z8,"9CVJ+6F4, Agadir 80000, Morocco"
Al Barid Bank,Al barid bank central,ChIJ1VX1hLvSpw0RfreaGOgyg4w,"187 Bd Abdelmoumen, Casablanca 20250, Morocco"
Al Barid Bank,Al Barid Bank,ChIJA1RQI9D0nw0RnKsoW9CC9Wk,"3X6R+FF5, Fès, Morocco"
Al Barid Bank,Al Barid Bank,ChIJo-ck9-q3sw0RyvOw3rFxXG4,"CCC2+7XC Main Post Office, Agadir 80000،, Morocco"
Al Barid Bank,Al Barid Bank Direction Centrale - مصلحة القرارات والتقارير,ChIJeViuzYZspw0RrbYqkf89Eis,"2535+XH4, Rabat, Morocco"
Al Barid Bank,Al Barid Bank بريد المغرب,ChIJg3pv7Kh_pA0RgPTt0v6awMg,"7GJV+FH3, Oulad Embarek, Morocco"
Al Barid Bank,Al Barid Bank,ChIJY7H8XWdFoA0R_FnjIn4b-PQ,"BD HAJ M'HAMED BEN CHAKROUNE, Meknes 50013, Morocco"
CFG Bank,CFG Bank,ChIJ-SwZlK54DA0R_7RRaOGGNKo,"Q5JH+JR6, Pl. du Koweit, Tanger, Morocco"
CFG Bank,CFG Bank - agence Hay Riad,ChIJt1BiwDETpw0R3g5ccWNwj0E,"Immeuble B-C2 10100-, Av. Annakhil, Rabat, Morocco"
CFG Bank,CFG Bank - Agence Marrakech,ChIJUd5ICwbvrw0RkwChea00CUQ,"40 Bd Mohamed VI, Marrakech 40000, Morocco"
CFG Bank,CFG Bank - Headquarters - Palm Agency,ChIJ2wqrkL3Spw0REE-Km34IMLc,"5 Rue Ibnou Toufail, Casablanca 20250, Morocco"
CFG Bank,CFG Bank - Gab Carrefour Menara Mall,ChIJTcRRzBTvrw0Rha_iWlunsK0,"JX9R+785, Marrakesh 40000, Morocco"
CFG Bank,CFG Bank - Agence Casa Massira,ChIJRSiDx-jSpw0R4RDOd2rr7ds,"101 Bd Al Massira Al Khadra, Casablanca 20250, Morocco"
CFG Bank,CFG Bank - Agence Casa Racine,ChIJ4TdNue_Spw0R814ilyi3oxQ,"5 Av. Mohamed Sijilmassi, Casablanca 20250, Morocco"
CFG Bank,CFG Bank - Agence Casa Gauthier,ChIJjZ_CFJPSpw0RlPRSbZyUnqY,"Av. Hassan Souktani, Casablanca 20250, Morocco"
CFG Bank,CFG Bank - Agency Rabat Souissi,ChIJ6yqKy1Brpw0RcZYFaDmLq6k,"Km 3.5 Av. Mohammed VI, Rabat, Morocco"
CFG Bank,CFG Bank - Agence Oasis,ChIJRY2vfo4tpg0RDm63TBZJva8,"Angle Bd Abderrahim Bouabid et rue Brahim Allamtouni, quartier, Casablanca 20410, Morocco"
CFG Bank,CFG Bank - Gab station Shell Romandie,ChIJZ6mptebSpw0R5YT8fMPuPzM,"H9P2+M8M, Boulevard Abdelkrim Al Khattabi, Casablanca 20250, Morocco"
CFG Bank,CFG Bank Agence Casa 2 Mars,ChIJq489aKbSpw0RsCwGPHIE01o,"108 Av. 2 Mars, Casablanca 20360, Morocco"
CFG Bank,CFG Bank - GAB station Shell route Nouaceur,ChIJjTAUzJktpg0RavDdtF00ocU,"G949+JWM, Casablanca, Morocco"
CFG Bank,CFG Bank - GAB café Paul Zevaco,ChIJbcpTCubSpw0Rfo1_lSAoWXA,"H9Q3+6XF, Bd Franklin Roosevelt, Casablanca 20250, Morocco"
CFG Bank,CFG Bank - GAB station Shell Roosevelt,ChIJDeDoGh3Tpw0RboBWMthcApQ,"H8RV+F32, Casablanca 20250, Morocco"
CFG Bank,CFG Bank Arribat Center,ChIJ2e6RcNNtpw0RAOfMHYmel6o,"Angle Avenue Inaouin et, Av. Omar Ibn Al Khattab, Rabat 10090, Morocco"
CFG Bank,CFG Bank - GAB Carrefour gourmet Rabat,ChIJuwCaUldrpw0RCDQKBsxbcxQ,"Km, 3.5 Route des Zaërs, Rabat, Morocco"
CFG Bank,CFG BANK,ChIJW8vItj7Tpw0RkPxPuG_t5d0,"H87Q+RR, Casablanca 20250, Morocco"
CFG Bank,CFG Bank GAB Shell Autoroute Kenitra,ChIJAZc0qAlapw0RIdDPx2in-Fw,"Shell، Aire de service، A1, Kenitra 14000, Morocco"
CFG Bank,CFG Bank - GAB,ChIJRf-Vfi0tpg0R-pWKt1CkB-A,"H954+58H, Rte d'El Jadida, Casablanca, Morocco"
